﻿Designator,Quantity,Value,Footprint,Package,MPN,DNP,Mount_Type,Description
"J1, J3, J4",3,USB_C_Receptacle,USB_C_Receptacle_Amphenol_12401548E4-2A_CircularHoles,,,,smt,USB Full-Featured Type-C Receptacle connector
J2,1,RJ45,RJ45_Amphenol_54602-x08_Horizontal,,,,tht,"RJ connector, 8P8C (8 positions 8 connected)"
"M1, M2, M3, M4",4,Fan_PC_Chassis,FanPinHeader_1x03_P2.54mm_Vertical,,,,tht,"PC chassis fan, tacho output, 3-pin connector"
"R1, R2, R3, R4, R5, R7",6,R,R_0815_2038Metric,,,,smt,Resistor
SW1,1,SW_DPDT_x2,SW_CK_JS202011CQN_DPDT_Straight,,,,tht,"Switch, dual pole double throw, separate symbols"
U2,1,LAN9512i,QFN-64-1EP_9x9mm_P0.5mm_EP7.3x7.3mm,,,,smt,"Two USB 2.0 hub with an integrated 10/100 Ethernet controller (-40° to 85°C), QFN-48"
