﻿pos_x,pos_y,rotation,side,designator,mpn,pack,footprint,value,mount_type
125.5,-59.5,0.0,top,J1,,,USB_C_Receptacle_Amphenol_12401548E4-2A_CircularHoles,USB_C_Receptacle,smt
167.7825,-68.1,180.0,top,J2,,,RJ45_Amphenol_54602-x08_Horizontal,RJ45,tht
137.0,-59.5,0.0,top,J3,,,USB_C_Receptacle_Amphenol_12401548E4-2A_CircularHoles,USB_C_Receptacle,smt
148.6,-59.51,0.0,top,J4,,,USB_C_Receptacle_Amphenol_12401548E4-2A_CircularHoles,USB_C_Receptacle,smt
147.92,-69.0,0.0,top,M1,,,FanPinHeader_1x03_P2.54mm_Vertical,Fan_PC_Chassis,tht
138.92,-69.0,0.0,top,M2,,,FanPinHeader_1x03_P2.54mm_Vertical,Fan_PC_Chassis,tht
129.92,-69.0,0.0,top,M3,,,FanPinHeader_1x03_P2.54mm_Vertical,Fan_PC_Chassis,tht
120.92,-69.0,0.0,top,M4,,,FanPinHeader_1x03_P2.54mm_Vertical,Fan_PC_Chassis,tht
112.0,-61.0,0.0,top,R1,,,R_0815_2038Metric,R,smt
112.0,-56.0,0.0,top,R2,,,R_0815_2038Metric,R,smt
117.0,-61.0,0.0,top,R3,,,R_0815_2038Metric,R,smt
117.0,-56.0,0.0,top,R4,,,R_0815_2038Metric,R,smt
173.5,-63.0,0.0,top,R5,,,R_0815_2038Metric,R,smt
177.5,-63.0,0.0,top,R7,,,R_0815_2038Metric,R,smt
174.0,-54.3575,0.0,top,SW1,,,SW_CK_JS202011CQN_DPDT_Straight,SW_DPDT_x2,tht
143.5,-82.5,90.0,top,U2,,,QFN-64-1EP_9x9mm_P0.5mm_EP7.3x7.3mm,LAN9512i,smt
